{
    "modelName": "New Model",
    "collections": [
        {
            "collectionName": "info",
            "type": "object",
            "properties": [
                {
                    "name": "address",
                    "hackoladeMeta": {},
                    "isActivated": true,
                    "type": "document",
                    "properties": [
                        {
                            "name": "Street",
                            "hackoladeMeta": {},
                            "isActivated": true,
                            "type": "string",
                            "properties": [],
                            "color": "#555555",
                            "GUID": "3a19c7c3-b3ff-494b-9bf1-4c8c421a3da4",
                            "description": "Test description",
                            "error": {}
                        },
                        {
                            "name": "HouseNumber",
                            "hackoladeMeta": {},
                            "isActivated": true,
                            "type": "string",
                            "properties": [],
                            "color": "#555555",
                            "error": {},
                            "GUID": "b0372f48-9e29-4481-bbc0-e0246d0bdf5a"
                        },
                        {
                            "name": "Zip",
                            "hackoladeMeta": {},
                            "isActivated": true,
                            "type": "string",
                            "properties": [],
                            "color": "#555555",
                            "GUID": "429c534f-3fbf-45bb-82b2-1c89ec171add",
                            "error": {}
                        },
                        {
                            "name": "State",
                            "hackoladeMeta": {},
                            "isActivated": true,
                            "type": "string",
                            "properties": [],
                            "color": "#555555",
                            "GUID": "7a70e608-e66b-4b4d-84f8-136395b5d9db",
                            "error": {}
                        },
                        {
                            "name": "Country",
                            "hackoladeMeta": {},
                            "isActivated": true,
                            "type": "string",
                            "properties": [],
                            "color": "#555555",
                            "GUID": "a154a6b7-6a8c-4e71-9a2d-834cd7239a67",
                            "error": {}
                        }
                    ],
                    "additionalProperties": false,
                    "color": "#555555",
                    "GUID": "c1549a02-d40c-4855-9666-815e713cb994",
                    "error": {}
                }
            ],
            "definitions": {
                "type": "definitions",
                "properties": [],
                "GUID": "4756593c-aad9-4868-8d41-477141d82971"
            },
            "isActivated": true,
            "additionalProperties": false,
            "GUID": "6d912b72-b360-438a-ac96-3674b34a9a60",
            "bucketId": "ff2424df-b5d1-4ebf-9ef2-54a71e57230e"
        }
    ],
    "buckets": [
        {
            "name": "Library",
            "type": "bucket",
            "collectionIds": [
                "6d912b72-b360-438a-ac96-3674b34a9a60"
            ],
            "backgroundColor": {
                "r": 216,
                "g": 0,
                "b": 115,
                "a": 1
            },
            "show": true,
            "isActivated": true,
            "GUID": "ff2424df-b5d1-4ebf-9ef2-54a71e57230e"
        }
    ],
    "views": [],
    "relationships": [],
    "users": [],
    "diagramViews": [],
    "idToNameHashTable": {
        "ff2424df-b5d1-4ebf-9ef2-54a71e57230e": "Library",
        "6d912b72-b360-438a-ac96-3674b34a9a60": "info",
        "c1549a02-d40c-4855-9666-815e713cb994": "address",
        "3a19c7c3-b3ff-494b-9bf1-4c8c421a3da4": "Street",
        "b0372f48-9e29-4481-bbc0-e0246d0bdf5a": "HouseNumber",
        "429c534f-3fbf-45bb-82b2-1c89ec171add": "Zip",
        "7a70e608-e66b-4b4d-84f8-136395b5d9db": "State",
        "a154a6b7-6a8c-4e71-9a2d-834cd7239a67": "Country"
    },
    "definitions": {
        "type": "definitions",
        "properties": [],
        "GUID": "8a8941c6-f71c-49fb-863d-058e4a9f129c"
    },
    "polyglotDefinitions": {
        "type": "polyglotDefinitions",
        "properties": [],
        "GUID": "ea16bfad-2e15-4a4f-beed-e52a5f020b7c"
    },
    "externalDefinitions": {
        "type": "externalDefinitions",
        "properties": [],
        "GUID": "0cc2bca6-9342-4953-bac2-8d184cd8cee5"
    },
    "sources": [],
    "decorativeSymbols": [],
    "dbVendor": "JSON",
    "dbVersion": "2020-12",
    "appTarget": "JSON",
    "creationTS": "2023-06-08T14:15:52.513Z",
    "GUID": "0fcfab9f-01b7-4dc2-824a-8026e5c1ea74",
    "isLineageEnabled": true,
    "lastModifTS": "2023-06-09T10:06:59.345Z",
    "persistenceSchemaVersion": "6",
    "isCreatedByPlugin": true,
    "pluginInformation": {
        "pluginEngineVersion": "1.0.0"
    },
    "applicationInformation": {
        "version": "6.10.6"
    },
    "hackoladeMeta": {
        "customPropertiesUpdated": true
    },
    "settings": {
        "centralPane": {
            "dbLevel": {
                "erd": [
                    {
                        "GUID": "6d912b72-b360-438a-ac96-3674b34a9a60",
                        "x": 1080,
                        "y": 1080,
                        "width": 224,
                        "height": 141,
                        "color": {}
                    }
                ],
                "erdDefinitions": {
                    "erd": [],
                    "rootPath": [],
                    "entities": [],
                    "decorativeSymbols": []
                },
                "buckets": [
                    {
                        "x": 1040,
                        "y": 1040,
                        "GUID": "ff2424df-b5d1-4ebf-9ef2-54a71e57230e"
                    }
                ],
                "collapsedNodes": [],
                "activeRelationship": "",
                "activeRelationshipFields": {
                    "childField": [],
                    "parentField": []
                },
                "selectedCollections": [],
                "displayColorPicker": false,
                "graphView": {
                    "erd": [],
                    "buckets": [],
                    "decorativeSymbols": [],
                    "forceLayout": true,
                    "defaultLinkLength": 300
                },
                "diagramViews": [],
                "decorativeSymbols": [],
                "nestedCollectionsLayout": "horizontal",
                "options": [],
                "relationshipUpdateDisabled": false
            },
            "collectionLevel": {},
            "changed": false
        },
        "dtDiagram": {
            "collapsedNodes": [],
            "shouldDistributeCollections": false
        }
    }
}