{
    "modelName": "New Model",
    "collections": [
        {
            "collectionName": "Club",
            "type": "object",
            "properties": [
                {
                    "name": "name",
                    "hackoladeMeta": {},
                    "isActivated": true,
                    "type": "string",
                    "properties": [],
                    "color": "#555555",
                    "GUID": "a512e54d-114c-4886-855c-847bbb7af7f1",
                    "error": {}
                },
                {
                    "name": "sport",
                    "hackoladeMeta": {},
                    "isActivated": true,
                    "type": "string",
                    "properties": [],
                    "color": "#555555",
                    "GUID": "3e463c36-fda7-4233-856b-e01a8b20ac57",
                    "error": {}
                },
                {
                    "type": "array",
                    "properties": [
                        {
                            "GUID": "d853e99b-c6df-4bc5-b86b-027df83aaef4",
                            "type": "reference",
                            "$ref": "#external/definitions/Person",
                            "refType": "external",
                            "ref": "5b2fe0b4-7702-4f0f-a39b-aa14837b2f03",
                            "refIdPath": [
                                "b690b293-029c-4e9a-84d2-330563dfc52a",
                                "c2964d3d-7248-496a-b505-18ced4c2a960",
                                "5b2fe0b4-7702-4f0f-a39b-aa14837b2f03"
                            ],
                            "isActivated": true,
                            "displayName": "Person",
                            "arrayItem": true,
                            "error": {
                                "refPath": false
                            }
                        }
                    ],
                    "additionalItems": true,
                    "color": "#555555",
                    "name": "Members",
                    "isActivated": true,
                    "GUID": "12851695-de29-4c3d-a6b7-b2b782cb2993",
                    "error": {}
                }
            ],
            "definitions": {
                "type": "definitions",
                "properties": [],
                "GUID": "55e1fc5a-acd1-4891-ac26-2083adf6621f"
            },
            "isActivated": true,
            "additionalProperties": false,
            "GUID": "eacee575-946e-4e37-b70c-96199399232e",
            "bucketId": "ed1b1d1e-32e7-4f25-a17c-4ed8ad8371ad"
        }
    ],
    "buckets": [
        {
            "name": "Library2",
            "type": "bucket",
            "collectionIds": [
                "eacee575-946e-4e37-b70c-96199399232e"
            ],
            "backgroundColor": {
                "r": 216,
                "g": 0,
                "b": 115,
                "a": 1
            },
            "show": true,
            "isActivated": true,
            "GUID": "ed1b1d1e-32e7-4f25-a17c-4ed8ad8371ad"
        }
    ],
    "views": [],
    "relationships": [],
    "users": [],
    "diagramViews": [],
    "idToNameHashTable": {
        "ed1b1d1e-32e7-4f25-a17c-4ed8ad8371ad": "Library2",
        "eacee575-946e-4e37-b70c-96199399232e": "Club",
        "a512e54d-114c-4886-855c-847bbb7af7f1": "name",
        "3e463c36-fda7-4233-856b-e01a8b20ac57": "sport",
        "12851695-de29-4c3d-a6b7-b2b782cb2993": "Members",
        "2ab04d61-a6ff-4ac4-8143-63b901963cb7": "External reference to model file",
        "5b2fe0b4-7702-4f0f-a39b-aa14837b2f03": "Person",
        "17ccdc1d-1efb-4556-bf52-e09ebaa59667": "External reference to model file"
    },
    "definitions": {
        "type": "definitions",
        "properties": [],
        "GUID": "9d43cf62-7887-4914-8d04-45003042fe1c"
    },
    "polyglotDefinitions": {
        "type": "polyglotDefinitions",
        "properties": [],
        "GUID": "1ea7d711-8615-4252-b3e2-c209779c33b0"
    },
    "externalDefinitions": {
        "type": "externalDefinitions",
        "properties": [
            {
                "name": "Person",
                "hackoladeMeta": {},
                "isActivated": true,
                "type": "document",
                "properties": [
                    {
                        "name": "FirstName",
                        "hackoladeMeta": {},
                        "isActivated": true,
                        "type": "string",
                        "properties": [],
                        "color": "#555555",
                        "GUID": "d81d1a4d-b43b-45f2-8bf8-2c1a1ce556a7",
                        "error": {}
                    },
                    {
                        "name": "LastName",
                        "hackoladeMeta": {},
                        "isActivated": true,
                        "type": "string",
                        "properties": [],
                        "color": "#555555",
                        "GUID": "7d11181c-8b3d-4e8a-b403-0e052a812d58",
                        "error": {}
                    },
                    {
                        "name": "Date of Birth",
                        "hackoladeMeta": {},
                        "isActivated": true,
                        "type": "numeric",
                        "properties": [],
                        "color": "#555555",
                        "GUID": "cadd7312-26d4-4333-98ca-9f59719b717c",
                        "error": {}
                    },
                    {
                        "name": "billingAddress",
                        "hackoladeMeta": {},
                        "isActivated": true,
                        "type": "document",
                        "properties": [
                            {
                                "name": "Street",
                                "hackoladeMeta": {},
                                "isActivated": true,
                                "type": "string",
                                "properties": [],
                                "color": "#555555",
                                "GUID": "3a19c7c3-b3ff-494b-9bf1-4c8c421a3da4",
                                "description": "Test description",
                                "error": {}
                            },
                            {
                                "name": "HouseNumber",
                                "hackoladeMeta": {},
                                "isActivated": true,
                                "type": "string",
                                "properties": [],
                                "color": "#555555",
                                "error": {},
                                "GUID": "b0372f48-9e29-4481-bbc0-e0246d0bdf5a"
                            },
                            {
                                "name": "Zip",
                                "hackoladeMeta": {},
                                "isActivated": true,
                                "type": "string",
                                "properties": [],
                                "color": "#555555",
                                "GUID": "429c534f-3fbf-45bb-82b2-1c89ec171add",
                                "error": {}
                            },
                            {
                                "name": "State",
                                "hackoladeMeta": {},
                                "isActivated": true,
                                "type": "string",
                                "properties": [],
                                "color": "#555555",
                                "GUID": "7a70e608-e66b-4b4d-84f8-136395b5d9db",
                                "error": {}
                            },
                            {
                                "name": "Country",
                                "hackoladeMeta": {},
                                "isActivated": true,
                                "type": "string",
                                "properties": [],
                                "color": "#555555",
                                "GUID": "a154a6b7-6a8c-4e71-9a2d-834cd7239a67",
                                "error": {}
                            }
                        ],
                        "additionalProperties": false,
                        "color": "#555555",
                        "error": {
                            "refPath": false
                        },
                        "GUID": "cf97e270-22e8-436f-a7a0-84655fecd7ff",
                        "parentRelationship": "",
                        "childRelationships": []
                    },
                    {
                        "name": "shippingAddress",
                        "hackoladeMeta": {},
                        "isActivated": true,
                        "type": "document",
                        "properties": [
                            {
                                "name": "Street",
                                "hackoladeMeta": {},
                                "isActivated": true,
                                "type": "string",
                                "properties": [],
                                "color": "#555555",
                                "GUID": "3a19c7c3-b3ff-494b-9bf1-4c8c421a3da4",
                                "description": "Test description",
                                "error": {}
                            },
                            {
                                "name": "HouseNumber",
                                "hackoladeMeta": {},
                                "isActivated": true,
                                "type": "string",
                                "properties": [],
                                "color": "#555555",
                                "error": {},
                                "GUID": "b0372f48-9e29-4481-bbc0-e0246d0bdf5a"
                            },
                            {
                                "name": "Zip",
                                "hackoladeMeta": {},
                                "isActivated": true,
                                "type": "string",
                                "properties": [],
                                "color": "#555555",
                                "GUID": "429c534f-3fbf-45bb-82b2-1c89ec171add",
                                "error": {}
                            },
                            {
                                "name": "State",
                                "hackoladeMeta": {},
                                "isActivated": true,
                                "type": "string",
                                "properties": [],
                                "color": "#555555",
                                "GUID": "7a70e608-e66b-4b4d-84f8-136395b5d9db",
                                "error": {}
                            },
                            {
                                "name": "Country",
                                "hackoladeMeta": {},
                                "isActivated": true,
                                "type": "string",
                                "properties": [],
                                "color": "#555555",
                                "GUID": "a154a6b7-6a8c-4e71-9a2d-834cd7239a67",
                                "error": {}
                            }
                        ],
                        "additionalProperties": false,
                        "color": "#555555",
                        "error": {
                            "refPath": false
                        },
                        "GUID": "ebe23772-daa9-41c9-b6bc-83c33d3c9e84",
                        "parentRelationship": "",
                        "childRelationships": []
                    }
                ],
                "additionalProperties": false,
                "GUID": "5b2fe0b4-7702-4f0f-a39b-aa14837b2f03",
                "definitionRefs": [
                    [
                        "eacee575-946e-4e37-b70c-96199399232e",
                        "12851695-de29-4c3d-a6b7-b2b782cb2993",
                        "d853e99b-c6df-4bc5-b86b-027df83aaef4"
                    ]
                ],
                "fieldRelativePath": "#/Level 2/Person",
                "fileType": "hackoladeSchema",
                "kind": "relativePath",
                "link": "Person JSON model.hck.json"
            }
        ],
        "GUID": "c2964d3d-7248-496a-b505-18ced4c2a960"
    },
    "sources": [
        {
            "GUID": "2ab04d61-a6ff-4ac4-8143-63b901963cb7",
            "sourceName": "External reference to model file",
            "lineageTimestamp": "2023-06-08 16:30:29 CEST",
            "lineageSourceType": "External reference",
            "lineageSourceFormat": "Model",
            "lineageFilePathName": "Person model.hck.json"
        }
    ],
    "decorativeSymbols": [],
    "dbVendor": "JSON",
    "dbVersion": "2020-12",
    "appTarget": "JSON",
    "creationTS": "2023-06-08T14:27:49.439Z",
    "GUID": "b690b293-029c-4e9a-84d2-330563dfc52a",
    "isLineageEnabled": true,
    "lastModifTS": "2023-06-09T10:08:33.134Z",
    "persistenceSchemaVersion": "6",
    "isCreatedByPlugin": true,
    "pluginInformation": {
        "pluginEngineVersion": "1.0.0"
    },
    "applicationInformation": {
        "version": "6.10.6"
    },
    "hackoladeMeta": {
        "customPropertiesUpdated": true
    },
    "settings": {
        "centralPane": {
            "dbLevel": {
                "erd": [
                    {
                        "GUID": "eacee575-946e-4e37-b70c-96199399232e",
                        "x": 1147,
                        "y": 1139,
                        "width": 301,
                        "height": 375,
                        "color": {}
                    }
                ],
                "erdDefinitions": {
                    "erd": [],
                    "rootPath": [],
                    "entities": [],
                    "decorativeSymbols": []
                },
                "buckets": [
                    {
                        "x": 1107,
                        "y": 1099,
                        "GUID": "ed1b1d1e-32e7-4f25-a17c-4ed8ad8371ad"
                    }
                ],
                "collapsedNodes": [],
                "activeRelationship": "",
                "activeRelationshipFields": {
                    "childField": [],
                    "parentField": []
                },
                "selectedCollections": [],
                "displayColorPicker": false,
                "graphView": {
                    "erd": [],
                    "buckets": [],
                    "decorativeSymbols": [],
                    "forceLayout": true,
                    "defaultLinkLength": 300
                },
                "diagramViews": [],
                "decorativeSymbols": [],
                "nestedCollectionsLayout": "horizontal",
                "options": [],
                "relationshipUpdateDisabled": false
            },
            "collectionLevel": {},
            "changed": false
        },
        "dtDiagram": {
            "collapsedNodes": [],
            "shouldDistributeCollections": false
        }
    }
}