{
    "modelName": "New Model",
    "collections": [
        {
            "collectionName": "Person",
            "type": "object",
            "properties": [
                {
                    "name": "FirstName",
                    "hackoladeMeta": {},
                    "isActivated": true,
                    "type": "string",
                    "properties": [],
                    "color": "#555555",
                    "GUID": "d81d1a4d-b43b-45f2-8bf8-2c1a1ce556a7",
                    "error": {}
                },
                {
                    "name": "LastName",
                    "hackoladeMeta": {},
                    "isActivated": true,
                    "type": "string",
                    "properties": [],
                    "color": "#555555",
                    "GUID": "7d11181c-8b3d-4e8a-b403-0e052a812d58",
                    "error": {}
                },
                {
                    "name": "Date of Birth",
                    "hackoladeMeta": {},
                    "isActivated": true,
                    "type": "numeric",
                    "properties": [],
                    "color": "#555555",
                    "GUID": "cadd7312-26d4-4333-98ca-9f59719b717c",
                    "error": {}
                },
                {
                    "GUID": "cf97e270-22e8-436f-a7a0-84655fecd7ff",
                    "name": "billingAddress",
                    "type": "reference",
                    "$ref": "#external/definitions/address",
                    "refType": "external",
                    "ref": "4809ea4d-cc04-4987-9e09-060cd184e03d",
                    "refIdPath": [
                        "f017891a-4e8b-4b58-bce1-50a66a91ea6f",
                        "0c3e7500-b6f9-4dc8-bb37-0f8ce2d0cd31",
                        "4809ea4d-cc04-4987-9e09-060cd184e03d"
                    ],
                    "isActivated": true,
                    "error": {
                        "refPath": false
                    }
                },
                {
                    "GUID": "ebe23772-daa9-41c9-b6bc-83c33d3c9e84",
                    "name": "shippingAddress",
                    "type": "reference",
                    "$ref": "#external/definitions/address",
                    "refType": "external",
                    "ref": "4809ea4d-cc04-4987-9e09-060cd184e03d",
                    "refIdPath": [
                        "f017891a-4e8b-4b58-bce1-50a66a91ea6f",
                        "0c3e7500-b6f9-4dc8-bb37-0f8ce2d0cd31",
                        "4809ea4d-cc04-4987-9e09-060cd184e03d"
                    ],
                    "isActivated": true,
                    "error": {
                        "refPath": false
                    }
                }
            ],
            "definitions": {
                "type": "definitions",
                "properties": [],
                "GUID": "846be244-5313-48a3-b763-3160b3bd9c6f"
            },
            "isActivated": true,
            "additionalProperties": false,
            "GUID": "c4e896b0-90a1-47f8-a496-3acb813b4a07",
            "bucketId": "d8daa574-0b78-4776-a88f-449e79f1be41"
        }
    ],
    "buckets": [
        {
            "name": "Level 2",
            "type": "bucket",
            "collectionIds": [
                "c4e896b0-90a1-47f8-a496-3acb813b4a07"
            ],
            "backgroundColor": {
                "r": 216,
                "g": 0,
                "b": 115,
                "a": 1
            },
            "show": true,
            "isActivated": true,
            "GUID": "d8daa574-0b78-4776-a88f-449e79f1be41"
        }
    ],
    "views": [],
    "relationships": [],
    "users": [],
    "diagramViews": [],
    "idToNameHashTable": {
        "d8daa574-0b78-4776-a88f-449e79f1be41": "Level 2",
        "c4e896b0-90a1-47f8-a496-3acb813b4a07": "Person",
        "d81d1a4d-b43b-45f2-8bf8-2c1a1ce556a7": "FirstName",
        "7d11181c-8b3d-4e8a-b403-0e052a812d58": "LastName",
        "cadd7312-26d4-4333-98ca-9f59719b717c": "Date of Birth",
        "17ccdc1d-1efb-4556-bf52-e09ebaa59667": "External reference to model file",
        "4809ea4d-cc04-4987-9e09-060cd184e03d": "address",
        "cf97e270-22e8-436f-a7a0-84655fecd7ff": "billingAddress",
        "52b27df6-fc22-4079-80ba-a402037c3d4d": "External reference to model file(1)",
        "ebe23772-daa9-41c9-b6bc-83c33d3c9e84": "shippingAddress"
    },
    "definitions": {
        "type": "definitions",
        "properties": [],
        "GUID": "f0bfa04a-d3f3-44b3-8f2d-6e8794d2c178"
    },
    "polyglotDefinitions": {
        "type": "polyglotDefinitions",
        "properties": [],
        "GUID": "58b213e1-a70a-4a31-9a97-d72f44169d1e"
    },
    "externalDefinitions": {
        "type": "externalDefinitions",
        "properties": [
            {
                "name": "address",
                "hackoladeMeta": {},
                "isActivated": true,
                "type": "document",
                "properties": [
                    {
                        "name": "Street",
                        "hackoladeMeta": {},
                        "isActivated": true,
                        "type": "string",
                        "properties": [],
                        "color": "#555555",
                        "GUID": "3a19c7c3-b3ff-494b-9bf1-4c8c421a3da4",
                        "description": "Test description",
                        "error": {}
                    },
                    {
                        "name": "HouseNumber",
                        "hackoladeMeta": {},
                        "isActivated": true,
                        "type": "string",
                        "properties": [],
                        "color": "#555555",
                        "error": {},
                        "GUID": "b0372f48-9e29-4481-bbc0-e0246d0bdf5a"
                    },
                    {
                        "name": "Zip",
                        "hackoladeMeta": {},
                        "isActivated": true,
                        "type": "string",
                        "properties": [],
                        "color": "#555555",
                        "GUID": "429c534f-3fbf-45bb-82b2-1c89ec171add",
                        "error": {}
                    },
                    {
                        "name": "State",
                        "hackoladeMeta": {},
                        "isActivated": true,
                        "type": "string",
                        "properties": [],
                        "color": "#555555",
                        "GUID": "7a70e608-e66b-4b4d-84f8-136395b5d9db",
                        "error": {}
                    },
                    {
                        "name": "Country",
                        "hackoladeMeta": {},
                        "isActivated": true,
                        "type": "string",
                        "properties": [],
                        "color": "#555555",
                        "GUID": "a154a6b7-6a8c-4e71-9a2d-834cd7239a67",
                        "error": {}
                    }
                ],
                "additionalProperties": false,
                "color": "#555555",
                "GUID": "4809ea4d-cc04-4987-9e09-060cd184e03d",
                "error": {},
                "link": "Address JSON model.hck.json",
                "fieldRelativePath": "#/Library/info/properties/address",
                "kind": "relativePath",
                "fileType": "hackoladeSchema",
                "definitionRefs": [
                    [
                        "c4e896b0-90a1-47f8-a496-3acb813b4a07",
                        "cf97e270-22e8-436f-a7a0-84655fecd7ff"
                    ],
                    [
                        "c4e896b0-90a1-47f8-a496-3acb813b4a07",
                        "ebe23772-daa9-41c9-b6bc-83c33d3c9e84"
                    ]
                ]
            }
        ],
        "GUID": "0c3e7500-b6f9-4dc8-bb37-0f8ce2d0cd31"
    },
    "sources": [
        {
            "GUID": "17ccdc1d-1efb-4556-bf52-e09ebaa59667",
            "sourceName": "External reference to model file",
            "lineageTimestamp": "2023-06-08 16:26:50 CEST",
            "lineageSourceType": "External reference",
            "lineageSourceFormat": "Model",
            "lineageFilePathName": "Address model.hck.json"
        },
        {
            "GUID": "52b27df6-fc22-4079-80ba-a402037c3d4d",
            "sourceName": "External reference to model file(1)",
            "lineageTimestamp": "2023-06-08 16:27:20 CEST",
            "lineageSourceType": "External reference",
            "lineageSourceFormat": "Model",
            "lineageFilePathName": "Address model.hck.json"
        }
    ],
    "decorativeSymbols": [],
    "dbVendor": "JSON",
    "dbVersion": "2020-12",
    "appTarget": "JSON",
    "creationTS": "2023-06-08T14:24:52.586Z",
    "GUID": "f017891a-4e8b-4b58-bce1-50a66a91ea6f",
    "isLineageEnabled": true,
    "lastModifTS": "2023-06-09T10:07:33.172Z",
    "persistenceSchemaVersion": "6",
    "isCreatedByPlugin": true,
    "pluginInformation": {
        "pluginEngineVersion": "1.0.0"
    },
    "applicationInformation": {
        "version": "6.10.6"
    },
    "hackoladeMeta": {
        "customPropertiesUpdated": true
    },
    "settings": {
        "centralPane": {
            "dbLevel": {
                "erd": [
                    {
                        "GUID": "c4e896b0-90a1-47f8-a496-3acb813b4a07",
                        "x": 1239,
                        "y": 1287,
                        "width": 261,
                        "height": 303,
                        "color": {}
                    }
                ],
                "erdDefinitions": {
                    "erd": [],
                    "rootPath": [],
                    "entities": [],
                    "decorativeSymbols": []
                },
                "buckets": [
                    {
                        "x": 1199,
                        "y": 1247,
                        "GUID": "d8daa574-0b78-4776-a88f-449e79f1be41"
                    }
                ],
                "collapsedNodes": [],
                "activeRelationship": "",
                "activeRelationshipFields": {
                    "childField": [],
                    "parentField": []
                },
                "selectedCollections": [],
                "displayColorPicker": false,
                "graphView": {
                    "erd": [],
                    "buckets": [],
                    "decorativeSymbols": [],
                    "forceLayout": true,
                    "defaultLinkLength": 300
                },
                "diagramViews": [],
                "decorativeSymbols": [],
                "nestedCollectionsLayout": "horizontal",
                "options": [],
                "relationshipUpdateDisabled": false
            },
            "collectionLevel": {},
            "changed": false
        },
        "dtDiagram": {
            "collapsedNodes": [],
            "shouldDistributeCollections": false
        }
    }
}